"Country","Year","LCC","estimate"
"Afghanistan",2008,NA,1
"Afghanistan",2010,1,0
"Afghanistan",2011,NA,1
"Afghanistan",2012,1,0
"Afghanistan",2013,1,0
"Afghanistan",2014,1,0
"Albania",2008,0,0
"Albania",2010,0,0
"Albania",2011,0,0
"Albania",2012,0,0
"Albania",2013,0,0
"Albania",2014,0,0
"Algeria",2008,0,0
"Algeria",2010,0,0
"Algeria",2011,0,0
"Algeria",2012,0,0
"Algeria",2013,0,0
"Algeria",2014,0,0
"American Samoa",2008,NA,1
"American Samoa",2010,NA,1
"American Samoa",2011,NA,1
"American Samoa",2012,NA,1
"American Samoa",2013,NA,1
"American Samoa",2014,NA,1
"Andorra",2008,NA,1
"Andorra",2010,0,0
"Andorra",2011,NA,1
"Andorra",2012,0,0
"Andorra",2013,0,0
"Andorra",2014,0,0
"Angola",2008,1,0
"Angola",2010,1,0
"Angola",2011,1,0
"Angola",2012,1,0
"Angola",2013,1,0
"Angola",2014,1,0
"Anguilla",2008,NA,1
"Anguilla",2010,NA,1
"Anguilla",2011,NA,1
"Anguilla",2012,NA,1
"Anguilla",2013,NA,1
"Anguilla",2014,NA,1
"Antigua & Barbuda",2008,0,0
"Antigua & Barbuda",2010,0,0
"Antigua & Barbuda",2011,0,0
"Antigua & Barbuda",2012,0,0
"Antigua & Barbuda",2013,0,0
"Antigua & Barbuda",2014,0,0
"Argentina",2008,0,0
"Argentina",2010,0,0
"Argentina",2011,0,0
"Argentina",2012,0,0
"Argentina",2013,0,0
"Argentina",2014,0,0
"Armenia",2008,0,0
"Armenia",2010,0,0
"Armenia",2011,0,0
"Armenia",2012,0,0
"Armenia",2013,0,0
"Armenia",2014,0,0
"Aruba",2008,NA,1
"Aruba",2010,NA,1
"Aruba",2011,NA,1
"Aruba",2012,NA,1
"Aruba",2013,NA,1
"Aruba",2014,NA,1
"Ascension",2008,NA,1
"Ascension",2010,NA,1
"Ascension",2011,NA,1
"Ascension",2012,NA,1
"Ascension",2013,NA,1
"Ascension",2014,NA,1
"Australia",2008,0,0
"Australia",2010,0,0
"Australia",2011,0,0
"Australia",2012,0,0
"Australia",2013,0,0
"Australia",2014,0,0
"Austria",2008,0,0
"Austria",2010,0,0
"Austria",2011,0,0
"Austria",2012,0,0
"Austria",2013,0,0
"Austria",2014,0,0
"Azerbaijan",2008,0,0
"Azerbaijan",2010,0,0
"Azerbaijan",2011,0,0
"Azerbaijan",2012,0,0
"Azerbaijan",2013,0,0
"Azerbaijan",2014,0,0
"Bahamas",2008,NA,1
"Bahamas",2010,NA,1
"Bahamas",2011,NA,1
"Bahamas",2012,NA,1
"Bahamas",2013,NA,1
"Bahamas",2014,0,1
"Bahrain",2008,0,0
"Bahrain",2010,0,0
"Bahrain",2011,0,0
"Bahrain",2012,0,0
"Bahrain",2013,0,0
"Bahrain",2014,0,0
"Bangladesh",2008,1,0
"Bangladesh",2010,1,0
"Bangladesh",2011,1,0
"Bangladesh",2012,1,0
"Bangladesh",2013,1,0
"Bangladesh",2014,1,0
"Barbados",2008,0,0
"Barbados",2010,0,0
"Barbados",2011,0,0
"Barbados",2012,0,0
"Barbados",2013,0,0
"Barbados",2014,0,0
"Belarus",2008,0,0
"Belarus",2010,0,0
"Belarus",2011,0,0
"Belarus",2012,0,0
"Belarus",2013,0,0
"Belarus",2014,0,0
"Belgium",2008,0,0
"Belgium",2010,0,0
"Belgium",2011,0,0
"Belgium",2012,0,0
"Belgium",2013,0,0
"Belgium",2014,0,0
"Belize",2008,NA,1
"Belize",2010,0,0
"Belize",2011,NA,1
"Belize",2012,NA,1
"Belize",2013,NA,1
"Belize",2014,0,0
"Benin",2008,1,0
"Benin",2010,1,0
"Benin",2011,1,0
"Benin",2012,1,0
"Benin",2013,1,0
"Benin",2014,1,0
"Bermuda",2008,NA,1
"Bermuda",2010,NA,1
"Bermuda",2011,NA,1
"Bermuda",2012,NA,1
"Bermuda",2013,NA,1
"Bermuda",2014,NA,1
"Bhutan",2008,1,0
"Bhutan",2010,1,0
"Bhutan",2011,0,0
"Bhutan",2012,1,0
"Bhutan",2013,0,0
"Bhutan",2014,0,0
"Bolivia",2008,0,0
"Bolivia",2010,0,0
"Bolivia",2011,0,0
"Bolivia",2012,0,0
"Bolivia",2013,0,0
"Bolivia",2014,0,0
"Bosnia and Herzegovina",2008,0,0
"Bosnia and Herzegovina",2010,0,0
"Bosnia and Herzegovina",2011,0,0
"Bosnia and Herzegovina",2012,0,0
"Bosnia and Herzegovina",2013,0,0
"Bosnia and Herzegovina",2014,0,0
"Botswana",2008,0,0
"Botswana",2010,0,0
"Botswana",2011,0,0
"Botswana",2012,0,0
"Botswana",2013,0,0
"Botswana",2014,0,0
"Brazil",2008,0,0
"Brazil",2010,0,0
"Brazil",2011,0,0
"Brazil",2012,0,0
"Brazil",2013,0,0
"Brazil",2014,0,0
"British Virgin Islands",2008,NA,1
"British Virgin Islands",2010,NA,1
"British Virgin Islands",2011,NA,1
"British Virgin Islands",2012,NA,1
"British Virgin Islands",2013,NA,1
"British Virgin Islands",2014,NA,1
"Brunei Darussalam",2008,0,0
"Brunei Darussalam",2010,0,0
"Brunei Darussalam",2011,0,0
"Brunei Darussalam",2012,0,0
"Brunei Darussalam",2013,0,0
"Brunei Darussalam",2014,0,0
"Bulgaria",2008,0,0
"Bulgaria",2010,0,0
"Bulgaria",2011,0,0
"Bulgaria",2012,0,0
"Bulgaria",2013,0,0
"Bulgaria",2014,0,0
"Burkina Faso",2008,1,0
"Burkina Faso",2010,1,0
"Burkina Faso",2011,1,0
"Burkina Faso",2012,1,0
"Burkina Faso",2013,1,0
"Burkina Faso",2014,1,0
"Burundi",2008,NA,1
"Burundi",2010,NA,1
"Burundi",2011,NA,1
"Burundi",2012,NA,1
"Burundi",2013,NA,1
"Burundi",2014,1,1
"Cambodia",2008,1,0
"Cambodia",2010,1,0
"Cambodia",2011,1,0
"Cambodia",2012,1,0
"Cambodia",2013,1,0
"Cambodia",2014,1,0
"Cameroon",2008,1,0
"Cameroon",2010,1,0
"Cameroon",2011,1,0
"Cameroon",2012,1,0
"Cameroon",2013,1,0
"Cameroon",2014,1,0
"Canada",2008,0,0
"Canada",2010,0,0
"Canada",2011,0,0
"Canada",2012,0,0
"Canada",2013,0,0
"Canada",2014,0,0
"Cape Verde",2008,0,0
"Cape Verde",2010,0,0
"Cape Verde",2011,0,0
"Cape Verde",2012,0,0
"Cape Verde",2013,0,0
"Cape Verde",2014,0,0
"Cayman Islands",2008,NA,1
"Cayman Islands",2010,NA,1
"Cayman Islands",2011,NA,1
"Cayman Islands",2012,NA,1
"Cayman Islands",2013,NA,1
"Cayman Islands",2014,NA,1
"Central African Rep.",2008,NA,1
"Central African Rep.",2010,NA,1
"Central African Rep.",2011,1,0
"Central African Rep.",2012,1,0
"Central African Rep.",2013,1,0
"Central African Rep.",2014,1,1
"Chad",2008,1,0
"Chad",2010,1,0
"Chad",2011,1,0
"Chad",2012,1,0
"Chad",2013,1,0
"Chad",2014,1,0
"Chile",2008,0,0
"Chile",2010,0,0
"Chile",2011,0,0
"Chile",2012,0,0
"Chile",2013,0,0
"Chile",2014,0,0
"China",2008,0,0
"China",2010,0,0
"China",2011,0,0
"China",2012,0,0
"China",2013,0,0
"China",2014,0,0
"Cocos Keeling Islands",2008,NA,1
"Cocos Keeling Islands",2010,NA,1
"Cocos Keeling Islands",2011,NA,1
"Cocos Keeling Islands",2012,NA,1
"Cocos Keeling Islands",2013,NA,1
"Cocos Keeling Islands",2014,NA,1
"Colombia",2008,0,0
"Colombia",2010,0,0
"Colombia",2011,0,0
"Colombia",2012,0,0
"Colombia",2013,0,0
"Colombia",2014,0,0
"Comoros",2008,1,0
"Comoros",2010,NA,1
"Comoros",2011,1,0
"Comoros",2012,NA,1
"Comoros",2013,NA,1
"Comoros",2014,NA,1
"Congo (Dem. Rep.)",2008,1,0
"Congo (Dem. Rep.)",2010,1,0
"Congo (Dem. Rep.)",2011,1,0
"Congo (Dem. Rep.)",2012,1,0
"Congo (Dem. Rep.)",2013,1,0
"Congo (Dem. Rep.)",2014,1,0
"Congo (Rep.)",2008,NA,1
"Congo (Rep.)",2010,1,0
"Congo (Rep.)",2011,1,0
"Congo (Rep.)",2012,1,0
"Congo (Rep.)",2013,1,0
"Congo (Rep.)",2014,1,0
"Costa Rica",2008,0,0
"Costa Rica",2010,0,0
"Costa Rica",2011,0,0
"Costa Rica",2012,0,0
"Costa Rica",2013,0,0
"Costa Rica",2014,0,0
"Cote dIvoire",2008,1,0
"Cote dIvoire",2010,1,0
"Cote dIvoire",2011,1,0
"Cote dIvoire",2012,1,0
"Cote dIvoire",2013,1,0
"Cote dIvoire",2014,1,0
"Croatia",2008,0,0
"Croatia",2010,0,0
"Croatia",2011,0,0
"Croatia",2012,0,0
"Croatia",2013,0,0
"Croatia",2014,0,0
"Cuba",2008,0,0
"Cuba",2010,0,0
"Cuba",2011,0,0
"Cuba",2012,0,0
"Cuba",2013,1,0
"Cuba",2014,1,0
"Cyprus",2008,0,0
"Cyprus",2010,0,0
"Cyprus",2011,0,0
"Cyprus",2012,0,0
"Cyprus",2013,0,0
"Cyprus",2014,0,0
"Czech Republic",2008,0,0
"Czech Republic",2010,0,0
"Czech Republic",2011,0,0
"Czech Republic",2012,0,0
"Czech Republic",2013,0,0
"Czech Republic",2014,0,0
"D.P.R. Korea",2008,NA,1
"D.P.R. Korea",2010,NA,1
"D.P.R. Korea",2011,NA,1
"D.P.R. Korea",2012,NA,1
"D.P.R. Korea",2013,NA,1
"D.P.R. Korea",2014,NA,1
"Denmark",2008,0,0
"Denmark",2010,0,0
"Denmark",2011,0,0
"Denmark",2012,0,0
"Denmark",2013,0,0
"Denmark",2014,0,0
"Djibouti",2008,1,0
"Djibouti",2010,1,0
"Djibouti",2011,1,0
"Djibouti",2012,1,0
"Djibouti",2013,1,0
"Djibouti",2014,1,0
"Dominica",2008,NA,1
"Dominica",2010,0,0
"Dominica",2011,NA,1
"Dominica",2012,0,0
"Dominica",2013,0,0
"Dominica",2014,0,0
"Dominican Rep.",2008,0,0
"Dominican Rep.",2010,0,0
"Dominican Rep.",2011,0,0
"Dominican Rep.",2012,0,0
"Dominican Rep.",2013,0,0
"Dominican Rep.",2014,0,0
"Ecuador",2008,0,0
"Ecuador",2010,0,0
"Ecuador",2011,0,0
"Ecuador",2012,0,0
"Ecuador",2013,0,0
"Ecuador",2014,0,0
"Egypt",2008,0,0
"Egypt",2010,0,0
"Egypt",2011,0,0
"Egypt",2012,0,0
"Egypt",2013,0,0
"Egypt",2014,0,0
"El Salvador",2008,0,0
"El Salvador",2010,0,0
"El Salvador",2011,0,0
"El Salvador",2012,0,0
"El Salvador",2013,0,0
"El Salvador",2014,0,0
"Equatorial Guinea",2008,NA,1
"Equatorial Guinea",2010,1,0
"Equatorial Guinea",2011,NA,1
"Equatorial Guinea",2012,NA,1
"Equatorial Guinea",2013,NA,1
"Equatorial Guinea",2014,1,0
"Eritrea",2008,1,0
"Eritrea",2010,1,0
"Eritrea",2011,1,0
"Eritrea",2012,1,0
"Eritrea",2013,1,0
"Eritrea",2014,1,0
"Estonia",2008,0,0
"Estonia",2010,0,0
"Estonia",2011,0,0
"Estonia",2012,0,0
"Estonia",2013,0,0
"Estonia",2014,0,0
"Ethiopia",2008,1,0
"Ethiopia",2010,1,0
"Ethiopia",2011,1,0
"Ethiopia",2012,1,0
"Ethiopia",2013,1,0
"Ethiopia",2014,1,0
"Falkland (Malvinas) Is.",2008,NA,1
"Falkland (Malvinas) Is.",2010,NA,1
"Falkland (Malvinas) Is.",2011,NA,1
"Falkland (Malvinas) Is.",2012,NA,1
"Falkland (Malvinas) Is.",2013,NA,1
"Falkland (Malvinas) Is.",2014,NA,1
"Faroe Islands",2008,NA,1
"Faroe Islands",2010,NA,1
"Faroe Islands",2011,NA,1
"Faroe Islands",2012,NA,1
"Faroe Islands",2013,NA,1
"Faroe Islands",2014,NA,1
"Fiji",2008,0,0
"Fiji",2010,0,0
"Fiji",2011,0,0
"Fiji",2012,0,0
"Fiji",2013,0,0
"Fiji",2014,0,0
"Finland",2008,0,0
"Finland",2010,0,0
"Finland",2011,0,0
"Finland",2012,0,0
"Finland",2013,0,0
"Finland",2014,0,0
"France",2008,0,0
"France",2010,0,0
"France",2011,0,0
"France",2012,0,0
"France",2013,0,0
"France",2014,0,0
"French Polynesia",2008,NA,1
"French Polynesia",2010,NA,1
"French Polynesia",2011,NA,1
"French Polynesia",2012,NA,1
"French Polynesia",2013,NA,1
"French Polynesia",2014,0,1
"Gabon",2008,0,0
"Gabon",2010,0,0
"Gabon",2011,0,0
"Gabon",2012,1,0
"Gabon",2013,1,0
"Gabon",2014,1,0
"Gambia",2008,1,0
"Gambia",2010,1,0
"Gambia",2011,1,0
"Gambia",2012,1,0
"Gambia",2013,1,0
"Gambia",2014,1,0
"Georgia",2008,0,0
"Georgia",2010,0,0
"Georgia",2011,0,0
"Georgia",2012,0,0
"Georgia",2013,0,0
"Georgia",2014,0,0
"Germany",2008,0,0
"Germany",2010,0,0
"Germany",2011,0,0
"Germany",2012,0,0
"Germany",2013,0,0
"Germany",2014,0,0
"Ghana",2008,1,0
"Ghana",2010,1,0
"Ghana",2011,0,0
"Ghana",2012,0,0
"Ghana",2013,0,0
"Ghana",2014,0,0
"Gibraltar",2008,NA,1
"Gibraltar",2010,NA,1
"Gibraltar",2011,NA,1
"Gibraltar",2012,NA,1
"Gibraltar",2013,NA,1
"Gibraltar",2014,NA,1
"Greece",2008,0,0
"Greece",2010,0,0
"Greece",2011,0,0
"Greece",2012,0,0
"Greece",2013,0,0
"Greece",2014,0,0
"Greenland",2008,NA,1
"Greenland",2010,NA,1
"Greenland",2011,NA,1
"Greenland",2012,NA,1
"Greenland",2013,NA,1
"Greenland",2014,NA,1
"Grenada",2008,NA,1
"Grenada",2010,0,0
"Grenada",2011,NA,1
"Grenada",2012,0,0
"Grenada",2013,0,0
"Grenada",2014,0,0
"Guam",2008,NA,1
"Guam",2010,NA,1
"Guam",2011,NA,1
"Guam",2012,NA,1
"Guam",2013,NA,1
"Guam",2014,NA,1
"Guatemala",2008,0,0
"Guatemala",2010,0,0
"Guatemala",2011,NA,1
"Guatemala",2012,0,0
"Guatemala",2013,0,0
"Guatemala",2014,0,0
"Guernsey",2008,NA,1
"Guernsey",2010,NA,1
"Guernsey",2011,NA,1
"Guernsey",2012,NA,1
"Guernsey",2013,NA,1
"Guernsey",2014,NA,1
"Guinea",2008,1,0
"Guinea",2010,NA,1
"Guinea",2011,1,0
"Guinea",2012,1,0
"Guinea",2013,1,0
"Guinea",2014,1,1
"Guinea-Bissau",2008,NA,1
"Guinea-Bissau",2010,1,0
"Guinea-Bissau",2011,1,0
"Guinea-Bissau",2012,1,0
"Guinea-Bissau",2013,1,0
"Guinea-Bissau",2014,1,0
"Guyana",2008,0,0
"Guyana",2010,0,0
"Guyana",2011,0,0
"Guyana",2012,0,0
"Guyana",2013,0,0
"Guyana",2014,0,0
"Haiti",2008,NA,1
"Haiti",2010,NA,1
"Haiti",2011,NA,1
"Haiti",2012,NA,1
"Haiti",2013,NA,1
"Haiti",2014,1,1
"Honduras",2008,0,0
"Honduras",2010,0,0
"Honduras",2011,0,0
"Honduras",2012,0,0
"Honduras",2013,0,0
"Honduras",2014,0,0
"Hong Kong, China",2008,0,0
"Hong Kong, China",2010,0,0
"Hong Kong, China",2011,0,0
"Hong Kong, China",2012,0,0
"Hong Kong, China",2013,0,0
"Hong Kong, China",2014,0,0
"Hungary",2008,0,0
"Hungary",2010,0,0
"Hungary",2011,0,0
"Hungary",2012,0,0
"Hungary",2013,0,0
"Hungary",2014,0,0
"Iceland",2008,0,0
"Iceland",2010,0,0
"Iceland",2011,0,0
"Iceland",2012,0,0
"Iceland",2013,0,0
"Iceland",2014,0,0
"India",2008,1,0
"India",2010,0,0
"India",2011,1,0
"India",2012,1,0
"India",2013,1,0
"India",2014,1,0
"Indonesia",2008,0,0
"Indonesia",2010,0,0
"Indonesia",2011,0,0
"Indonesia",2012,0,0
"Indonesia",2013,0,0
"Indonesia",2014,0,0
"Iran (I.R.)",2008,0,0
"Iran (I.R.)",2010,0,0
"Iran (I.R.)",2011,0,0
"Iran (I.R.)",2012,0,0
"Iran (I.R.)",2013,0,0
"Iran (I.R.)",2014,0,0
"Iraq",2008,NA,1
"Iraq",2010,NA,1
"Iraq",2011,NA,1
"Iraq",2012,NA,1
"Iraq",2013,NA,1
"Iraq",2014,1,1
"Ireland",2008,0,0
"Ireland",2010,0,0
"Ireland",2011,0,0
"Ireland",2012,0,0
"Ireland",2013,0,0
"Ireland",2014,0,0
"Israel",2008,0,0
"Israel",2010,0,0
"Israel",2011,0,0
"Israel",2012,0,0
"Israel",2013,0,0
"Israel",2014,0,0
"Italy",2008,0,0
"Italy",2010,0,0
"Italy",2011,0,0
"Italy",2012,0,0
"Italy",2013,0,0
"Italy",2014,0,0
"Jamaica",2008,0,0
"Jamaica",2010,0,0
"Jamaica",2011,0,0
"Jamaica",2012,0,0
"Jamaica",2013,0,0
"Jamaica",2014,0,0
"Japan",2008,0,0
"Japan",2010,0,0
"Japan",2011,0,0
"Japan",2012,0,0
"Japan",2013,0,0
"Japan",2014,0,0
"Jersey",2008,NA,1
"Jersey",2010,NA,1
"Jersey",2011,NA,1
"Jersey",2012,NA,1
"Jersey",2013,NA,1
"Jersey",2014,NA,1
"Jordan",2008,0,0
"Jordan",2010,0,0
"Jordan",2011,0,0
"Jordan",2012,0,0
"Jordan",2013,0,0
"Jordan",2014,0,0
"Kazakhstan",2008,0,0
"Kazakhstan",2010,0,0
"Kazakhstan",2011,0,0
"Kazakhstan",2012,0,0
"Kazakhstan",2013,0,0
"Kazakhstan",2014,0,0
"Kenya",2008,1,0
"Kenya",2010,1,0
"Kenya",2011,0,0
"Kenya",2012,0,0
"Kenya",2013,0,0
"Kenya",2014,0,0
"Kiribati",2008,NA,1
"Kiribati",2010,NA,1
"Kiribati",2011,NA,1
"Kiribati",2012,NA,1
"Kiribati",2013,NA,1
"Kiribati",2014,NA,1
"Korea (Rep.)",2008,0,0
"Korea (Rep.)",2010,0,0
"Korea (Rep.)",2011,0,0
"Korea (Rep.)",2012,0,0
"Korea (Rep.)",2013,0,0
"Korea (Rep.)",2014,0,0
"Kuwait",2008,NA,1
"Kuwait",2010,0,0
"Kuwait",2011,NA,1
"Kuwait",2012,NA,1
"Kuwait",2013,NA,1
"Kuwait",2014,0,0
"Kyrgyzstan",2008,0,0
"Kyrgyzstan",2010,0,0
"Kyrgyzstan",2011,NA,1
"Kyrgyzstan",2012,0,0
"Kyrgyzstan",2013,0,0
"Kyrgyzstan",2014,0,0
"Lao P.D.R.",2008,1,0
"Lao P.D.R.",2010,1,0
"Lao P.D.R.",2011,1,0
"Lao P.D.R.",2012,1,0
"Lao P.D.R.",2013,1,0
"Lao P.D.R.",2014,1,0
"Latvia",2008,0,0
"Latvia",2010,0,0
"Latvia",2011,0,0
"Latvia",2012,0,0
"Latvia",2013,0,0
"Latvia",2014,0,0
"Lebanon",2008,0,0
"Lebanon",2010,0,0
"Lebanon",2011,0,0
"Lebanon",2012,0,0
"Lebanon",2013,0,0
"Lebanon",2014,0,0
"Lesotho",2008,NA,1
"Lesotho",2010,1,0
"Lesotho",2011,1,0
"Lesotho",2012,1,0
"Lesotho",2013,1,0
"Lesotho",2014,1,0
"Liberia",2008,NA,1
"Liberia",2010,1,0
"Liberia",2011,1,0
"Liberia",2012,1,0
"Liberia",2013,1,0
"Liberia",2014,1,0
"Libya",2008,NA,1
"Libya",2010,NA,1
"Libya",2011,NA,1
"Libya",2012,NA,1
"Libya",2013,NA,1
"Libya",2014,0,1
"Liechtenstein",2008,NA,1
"Liechtenstein",2010,NA,1
"Liechtenstein",2011,NA,1
"Liechtenstein",2012,NA,1
"Liechtenstein",2013,NA,1
"Liechtenstein",2014,NA,1
"Lithuania",2008,0,0
"Lithuania",2010,0,0
"Lithuania",2011,0,0
"Lithuania",2012,0,0
"Lithuania",2013,0,0
"Lithuania",2014,0,0
"Luxembourg",2008,0,0
"Luxembourg",2010,0,0
"Luxembourg",2011,0,0
"Luxembourg",2012,0,0
"Luxembourg",2013,0,0
"Luxembourg",2014,0,0
"Macao, China",2008,0,0
"Macao, China",2010,0,0
"Macao, China",2011,0,0
"Macao, China",2012,0,0
"Macao, China",2013,0,0
"Macao, China",2014,0,0
"Madagascar",2008,1,0
"Madagascar",2010,1,0
"Madagascar",2011,1,0
"Madagascar",2012,1,0
"Madagascar",2013,1,0
"Madagascar",2014,1,0
"Malawi",2008,NA,1
"Malawi",2010,1,0
"Malawi",2011,1,0
"Malawi",2012,1,0
"Malawi",2013,1,0
"Malawi",2014,1,0
"Malaysia",2008,0,0
"Malaysia",2010,0,0
"Malaysia",2011,0,0
"Malaysia",2012,0,0
"Malaysia",2013,0,0
"Malaysia",2014,0,0
"Maldives",2008,0,0
"Maldives",2010,0,0
"Maldives",2011,0,0
"Maldives",2012,0,0
"Maldives",2013,0,0
"Maldives",2014,0,0
"Mali",2008,1,0
"Mali",2010,1,0
"Mali",2011,1,0
"Mali",2012,1,0
"Mali",2013,1,0
"Mali",2014,1,0
"Malta",2008,0,0
"Malta",2010,0,0
"Malta",2011,0,0
"Malta",2012,0,0
"Malta",2013,0,0
"Malta",2014,0,0
"Marshall Islands",2008,NA,1
"Marshall Islands",2010,NA,1
"Marshall Islands",2011,NA,1
"Marshall Islands",2012,NA,1
"Marshall Islands",2013,NA,1
"Marshall Islands",2014,NA,1
"Mauritania",2008,1,0
"Mauritania",2010,1,0
"Mauritania",2011,1,0
"Mauritania",2012,1,0
"Mauritania",2013,1,0
"Mauritania",2014,1,0
"Mauritius",2008,0,0
"Mauritius",2010,0,0
"Mauritius",2011,0,0
"Mauritius",2012,0,0
"Mauritius",2013,0,0
"Mauritius",2014,0,0
"Mayotte",2008,NA,1
"Mayotte",2010,NA,1
"Mayotte",2011,NA,1
"Mayotte",2012,NA,1
"Mayotte",2013,NA,1
"Mayotte",2014,NA,1
"Mexico",2008,0,0
"Mexico",2010,0,0
"Mexico",2011,0,0
"Mexico",2012,0,0
"Mexico",2013,0,0
"Mexico",2014,0,0
"Micronesia",2008,NA,1
"Micronesia",2010,NA,1
"Micronesia",2011,NA,1
"Micronesia",2012,NA,1
"Micronesia",2013,NA,1
"Micronesia",2014,NA,1
"Moldova",2008,0,0
"Moldova",2010,0,0
"Moldova",2011,0,0
"Moldova",2012,0,0
"Moldova",2013,0,0
"Moldova",2014,0,0
"Monaco",2008,NA,1
"Monaco",2010,0,0
"Monaco",2011,NA,1
"Monaco",2012,0,0
"Monaco",2013,0,0
"Monaco",2014,0,0
"Mongolia",2008,0,0
"Mongolia",2010,0,0
"Mongolia",2011,0,0
"Mongolia",2012,0,0
"Mongolia",2013,0,0
"Mongolia",2014,0,0
"Montenegro",2008,0,0
"Montenegro",2010,0,0
"Montenegro",2011,NA,1
"Montenegro",2012,0,0
"Montenegro",2013,0,0
"Montenegro",2014,0,0
"Montserrat",2008,NA,1
"Montserrat",2010,NA,1
"Montserrat",2011,NA,1
"Montserrat",2012,NA,1
"Montserrat",2013,NA,1
"Montserrat",2014,NA,1
"Morocco",2008,0,0
"Morocco",2010,0,0
"Morocco",2011,0,0
"Morocco",2012,0,0
"Morocco",2013,0,0
"Morocco",2014,0,0
"Mozambique",2008,1,0
"Mozambique",2010,1,0
"Mozambique",2011,1,0
"Mozambique",2012,1,0
"Mozambique",2013,1,0
"Mozambique",2014,1,0
"Myanmar",2008,NA,1
"Myanmar",2010,1,0
"Myanmar",2011,1,0
"Myanmar",2012,1,0
"Myanmar",2013,1,0
"Myanmar",2014,1,0
"Namibia",2008,0,0
"Namibia",2010,0,0
"Namibia",2011,0,0
"Namibia",2012,0,0
"Namibia",2013,0,0
"Namibia",2014,0,0
"Nauru",2008,NA,1
"Nauru",2010,NA,1
"Nauru",2011,NA,1
"Nauru",2012,NA,1
"Nauru",2013,NA,1
"Nauru",2014,NA,1
"Nepal",2008,1,0
"Nepal",2010,1,0
"Nepal",2011,NA,1
"Nepal",2012,1,0
"Nepal",2013,1,0
"Nepal",2014,1,0
"Neth. Antilles",2008,NA,1
"Neth. Antilles",2010,NA,1
"Neth. Antilles",2011,NA,1
"Neth. Antilles",2012,NA,1
"Neth. Antilles",2013,NA,1
"Neth. Antilles",2014,NA,1
"Netherlands",2008,0,0
"Netherlands",2010,0,0
"Netherlands",2011,0,0
"Netherlands",2012,0,0
"Netherlands",2013,0,0
"Netherlands",2014,0,0
"New Caledonia",2008,NA,1
"New Caledonia",2010,NA,1
"New Caledonia",2011,NA,1
"New Caledonia",2012,NA,1
"New Caledonia",2013,NA,1
"New Caledonia",2014,0,1
"New Zealand",2008,0,0
"New Zealand",2010,0,0
"New Zealand",2011,0,0
"New Zealand",2012,0,0
"New Zealand",2013,0,0
"New Zealand",2014,0,0
"Nicaragua",2008,0,0
"Nicaragua",2010,0,0
"Nicaragua",2011,0,0
"Nicaragua",2012,0,0
"Nicaragua",2013,0,0
"Nicaragua",2014,0,0
"Niger",2008,1,0
"Niger",2010,NA,1
"Niger",2011,1,0
"Niger",2012,1,0
"Niger",2013,1,0
"Niger",2014,1,1
"Nigeria",2008,1,0
"Nigeria",2010,1,0
"Nigeria",2011,1,0
"Nigeria",2012,1,0
"Nigeria",2013,1,0
"Nigeria",2014,1,0
"Niue",2008,NA,1
"Niue",2010,NA,1
"Niue",2011,NA,1
"Niue",2012,NA,1
"Niue",2013,NA,1
"Niue",2014,NA,1
"Norfolk Islands",2008,NA,1
"Norfolk Islands",2010,NA,1
"Norfolk Islands",2011,NA,1
"Norfolk Islands",2012,NA,1
"Norfolk Islands",2013,NA,1
"Norfolk Islands",2014,NA,1
"Northern Marianas",2008,NA,1
"Northern Marianas",2010,NA,1
"Northern Marianas",2011,NA,1
"Northern Marianas",2012,NA,1
"Northern Marianas",2013,NA,1
"Northern Marianas",2014,NA,1
"Norway",2008,0,0
"Norway",2010,0,0
"Norway",2011,0,0
"Norway",2012,0,0
"Norway",2013,0,0
"Norway",2014,0,0
"Oman",2008,0,0
"Oman",2010,0,0
"Oman",2011,0,0
"Oman",2012,0,0
"Oman",2013,0,0
"Oman",2014,0,0
"Pakistan",2008,1,0
"Pakistan",2010,1,0
"Pakistan",2011,1,0
"Pakistan",2012,1,0
"Pakistan",2013,1,0
"Pakistan",2014,1,0
"Palau",2008,NA,1
"Palau",2010,NA,1
"Palau",2011,NA,1
"Palau",2012,NA,1
"Palau",2013,NA,1
"Palau",2014,NA,1
"Palestine",2008,NA,1
"Palestine",2010,NA,1
"Palestine",2011,NA,1
"Palestine",2012,0,0
"Palestine",2013,0,0
"Palestine",2014,0,1
"Panama",2008,0,0
"Panama",2010,0,0
"Panama",2011,0,0
"Panama",2012,0,0
"Panama",2013,0,0
"Panama",2014,0,0
"Papua New Guinea",2008,1,0
"Papua New Guinea",2010,NA,1
"Papua New Guinea",2011,NA,1
"Papua New Guinea",2012,NA,1
"Papua New Guinea",2013,NA,1
"Papua New Guinea",2014,1,1
"Paraguay",2008,0,0
"Paraguay",2010,0,0
"Paraguay",2011,0,0
"Paraguay",2012,0,0
"Paraguay",2013,0,0
"Paraguay",2014,0,0
"Peru",2008,0,0
"Peru",2010,0,0
"Peru",2011,0,0
"Peru",2012,0,0
"Peru",2013,0,0
"Peru",2014,0,0
"Philippines",2008,0,0
"Philippines",2010,0,0
"Philippines",2011,0,0
"Philippines",2012,0,0
"Philippines",2013,0,0
"Philippines",2014,0,0
"Poland",2008,0,0
"Poland",2010,0,0
"Poland",2011,0,0
"Poland",2012,0,0
"Poland",2013,0,0
"Poland",2014,0,0
"Portugal",2008,0,0
"Portugal",2010,0,0
"Portugal",2011,0,0
"Portugal",2012,0,0
"Portugal",2013,0,0
"Portugal",2014,0,0
"Puerto Rico",2008,NA,1
"Puerto Rico",2010,NA,1
"Puerto Rico",2011,NA,1
"Puerto Rico",2012,NA,1
"Puerto Rico",2013,NA,1
"Puerto Rico",2014,0,1
"Qatar",2008,0,0
"Qatar",2010,0,0
"Qatar",2011,0,0
"Qatar",2012,0,0
"Qatar",2013,0,0
"Qatar",2014,0,0
"Romania",2008,0,0
"Romania",2010,0,0
"Romania",2011,0,0
"Romania",2012,0,0
"Romania",2013,0,0
"Romania",2014,0,0
"Russian Federation",2008,0,0
"Russian Federation",2010,0,0
"Russian Federation",2011,0,0
"Russian Federation",2012,0,0
"Russian Federation",2013,0,0
"Russian Federation",2014,0,0
"Rwanda",2008,1,0
"Rwanda",2010,1,0
"Rwanda",2011,1,0
"Rwanda",2012,1,0
"Rwanda",2013,1,0
"Rwanda",2014,1,0
"S. Tomé & Principe",2008,NA,1
"S. Tomé & Principe",2010,NA,1
"S. Tomé & Principe",2011,NA,1
"S. Tomé & Principe",2012,NA,1
"S. Tomé & Principe",2013,NA,1
"S. Tomé & Principe",2014,0,1
"Samoa",2008,NA,1
"Samoa",2010,0,0
"Samoa",2011,NA,1
"Samoa",2012,NA,1
"Samoa",2013,NA,1
"Samoa",2014,0,0
"San Marino",2008,NA,1
"San Marino",2010,NA,1
"San Marino",2011,NA,1
"San Marino",2012,NA,1
"San Marino",2013,NA,1
"San Marino",2014,NA,1
"Saudi Arabia",2008,0,0
"Saudi Arabia",2010,0,0
"Saudi Arabia",2011,0,0
"Saudi Arabia",2012,0,0
"Saudi Arabia",2013,0,0
"Saudi Arabia",2014,0,0
"Senegal",2008,1,0
"Senegal",2010,1,0
"Senegal",2011,1,0
"Senegal",2012,1,0
"Senegal",2013,1,0
"Senegal",2014,1,0
"Serbia",2008,0,0
"Serbia",2010,0,0
"Serbia",2011,0,0
"Serbia",2012,0,0
"Serbia",2013,0,0
"Serbia",2014,0,0
"Seychelles",2008,0,0
"Seychelles",2010,0,0
"Seychelles",2011,0,0
"Seychelles",2012,0,0
"Seychelles",2013,0,0
"Seychelles",2014,0,0
"Sierra Leone",2008,NA,1
"Sierra Leone",2010,NA,1
"Sierra Leone",2011,NA,1
"Sierra Leone",2012,NA,1
"Sierra Leone",2013,NA,1
"Sierra Leone",2014,1,1
"Singapore",2008,0,0
"Singapore",2010,0,0
"Singapore",2011,0,0
"Singapore",2012,0,0
"Singapore",2013,0,0
"Singapore",2014,0,0
"Slovakia",2008,0,0
"Slovakia",2010,0,0
"Slovakia",2011,0,0
"Slovakia",2012,0,0
"Slovakia",2013,0,0
"Slovakia",2014,0,0
"Slovenia",2008,0,0
"Slovenia",2010,0,0
"Slovenia",2011,0,0
"Slovenia",2012,0,0
"Slovenia",2013,0,0
"Slovenia",2014,0,0
"Solomon Islands",2008,NA,1
"Solomon Islands",2010,1,0
"Solomon Islands",2011,1,0
"Solomon Islands",2012,1,0
"Solomon Islands",2013,1,0
"Solomon Islands",2014,1,0
"Somalia",2008,NA,1
"Somalia",2010,NA,1
"Somalia",2011,NA,1
"Somalia",2012,NA,1
"Somalia",2013,NA,1
"Somalia",2014,1,1
"South Africa",2008,0,0
"South Africa",2010,0,0
"South Africa",2011,0,0
"South Africa",2012,0,0
"South Africa",2013,0,0
"South Africa",2014,0,0
"South Sudan",2008,NA,1
"South Sudan",2010,NA,1
"South Sudan",2011,NA,1
"South Sudan",2012,NA,1
"South Sudan",2013,NA,1
"South Sudan",2014,1,0
"Spain",2008,0,0
"Spain",2010,0,0
"Spain",2011,0,0
"Spain",2012,0,0
"Spain",2013,0,0
"Spain",2014,0,0
"Sri Lanka",2008,0,0
"Sri Lanka",2010,0,0
"Sri Lanka",2011,0,0
"Sri Lanka",2012,0,0
"Sri Lanka",2013,0,0
"Sri Lanka",2014,0,0
"St. Helena",2008,NA,1
"St. Helena",2010,NA,1
"St. Helena",2011,NA,1
"St. Helena",2012,NA,1
"St. Helena",2013,NA,1
"St. Helena",2014,NA,1
"St. Kitts and Nevis",2008,NA,1
"St. Kitts and Nevis",2010,0,0
"St. Kitts and Nevis",2011,NA,1
"St. Kitts and Nevis",2012,0,0
"St. Kitts and Nevis",2013,0,0
"St. Kitts and Nevis",2014,0,0
"St. Lucia",2008,NA,1
"St. Lucia",2010,0,0
"St. Lucia",2011,0,0
"St. Lucia",2012,0,0
"St. Lucia",2013,0,0
"St. Lucia",2014,0,0
"St. Pierre & Miquelon",2008,NA,1
"St. Pierre & Miquelon",2010,NA,1
"St. Pierre & Miquelon",2011,NA,1
"St. Pierre & Miquelon",2012,NA,1
"St. Pierre & Miquelon",2013,NA,1
"St. Pierre & Miquelon",2014,NA,1
"St. Vincent and the Grenadines",2008,NA,1
"St. Vincent and the Grenadines",2010,0,0
"St. Vincent and the Grenadines",2011,0,0
"St. Vincent and the Grenadines",2012,0,0
"St. Vincent and the Grenadines",2013,0,0
"St. Vincent and the Grenadines",2014,0,0
"Sudan",2008,NA,1
"Sudan",2010,1,0
"Sudan",2011,0,0
"Sudan",2012,0,0
"Sudan",2013,0,0
"Sudan",2014,1,0
"Suriname",2008,0,0
"Suriname",2010,0,0
"Suriname",2011,0,0
"Suriname",2012,0,0
"Suriname",2013,0,0
"Suriname",2014,0,0
"Swaziland",2008,1,0
"Swaziland",2010,NA,1
"Swaziland",2011,0,0
"Swaziland",2012,1,0
"Swaziland",2013,1,0
"Swaziland",2014,1,1
"Sweden",2008,0,0
"Sweden",2010,0,0
"Sweden",2011,0,0
"Sweden",2012,0,0
"Sweden",2013,0,0
"Sweden",2014,0,0
"Switzerland",2008,0,0
"Switzerland",2010,0,0
"Switzerland",2011,0,0
"Switzerland",2012,0,0
"Switzerland",2013,0,0
"Switzerland",2014,0,0
"Syria",2008,0,0
"Syria",2010,0,0
"Syria",2011,0,0
"Syria",2012,0,0
"Syria",2013,0,0
"Syria",2014,0,0
"Taiwan",2008,NA,1
"Taiwan",2010,NA,1
"Taiwan",2011,NA,1
"Taiwan",2012,NA,1
"Taiwan",2013,NA,1
"Taiwan",2014,NA,1
"Tajikistan",2008,NA,1
"Tajikistan",2010,NA,1
"Tajikistan",2011,NA,1
"Tajikistan",2012,NA,1
"Tajikistan",2013,NA,1
"Tajikistan",2014,1,1
"Tanzania",2008,1,0
"Tanzania",2010,1,0
"Tanzania",2011,1,0
"Tanzania",2012,1,0
"Tanzania",2013,1,0
"Tanzania",2014,1,0
"TFYR Macedonia",2008,0,0
"TFYR Macedonia",2010,0,0
"TFYR Macedonia",2011,0,0
"TFYR Macedonia",2012,0,0
"TFYR Macedonia",2013,0,0
"TFYR Macedonia",2014,0,0
"Thailand",2008,0,0
"Thailand",2010,0,0
"Thailand",2011,0,0
"Thailand",2012,0,0
"Thailand",2013,0,0
"Thailand",2014,0,0
"Timor-Leste",2008,NA,1
"Timor-Leste",2010,NA,1
"Timor-Leste",2011,NA,1
"Timor-Leste",2012,NA,1
"Timor-Leste",2013,NA,1
"Timor-Leste",2014,1,1
"Togo",2008,1,0
"Togo",2010,1,0
"Togo",2011,NA,1
"Togo",2012,NA,1
"Togo",2013,NA,1
"Togo",2014,1,0
"Tokelau",2008,NA,1
"Tokelau",2010,NA,1
"Tokelau",2011,NA,1
"Tokelau",2012,NA,1
"Tokelau",2013,NA,1
"Tokelau",2014,NA,1
"Tonga",2008,NA,1
"Tonga",2010,0,0
"Tonga",2011,0,0
"Tonga",2012,NA,1
"Tonga",2013,NA,1
"Tonga",2014,0,0
"Trinidad & Tobago",2008,0,0
"Trinidad & Tobago",2010,0,0
"Trinidad & Tobago",2011,0,0
"Trinidad & Tobago",2012,0,0
"Trinidad & Tobago",2013,0,0
"Trinidad & Tobago",2014,0,0
"Tunisia",2008,0,0
"Tunisia",2010,0,0
"Tunisia",2011,0,0
"Tunisia",2012,0,0
"Tunisia",2013,0,0
"Tunisia",2014,0,0
"Turkey",2008,0,0
"Turkey",2010,0,0
"Turkey",2011,0,0
"Turkey",2012,0,0
"Turkey",2013,0,0
"Turkey",2014,0,0
"Turkmenistan",2008,0,0
"Turkmenistan",2010,NA,1
"Turkmenistan",2011,NA,1
"Turkmenistan",2012,NA,1
"Turkmenistan",2013,NA,1
"Turkmenistan",2014,0,1
"Turks & Caicos Is.",2008,NA,1
"Turks & Caicos Is.",2010,NA,1
"Turks & Caicos Is.",2011,NA,1
"Turks & Caicos Is.",2012,NA,1
"Turks & Caicos Is.",2013,NA,1
"Turks & Caicos Is.",2014,NA,1
"Tuvalu",2008,NA,1
"Tuvalu",2010,NA,1
"Tuvalu",2011,NA,1
"Tuvalu",2012,NA,1
"Tuvalu",2013,NA,1
"Tuvalu",2014,NA,1
"Uganda",2008,1,0
"Uganda",2010,1,0
"Uganda",2011,1,0
"Uganda",2012,1,0
"Uganda",2013,1,0
"Uganda",2014,1,0
"Ukraine",2008,0,0
"Ukraine",2010,0,0
"Ukraine",2011,0,0
"Ukraine",2012,0,0
"Ukraine",2013,0,0
"Ukraine",2014,0,0
"United Arab Emirates",2008,0,0
"United Arab Emirates",2010,0,0
"United Arab Emirates",2011,0,0
"United Arab Emirates",2012,0,0
"United Arab Emirates",2013,0,0
"United Arab Emirates",2014,0,0
"United Kingdom",2008,0,0
"United Kingdom",2010,0,0
"United Kingdom",2011,0,0
"United Kingdom",2012,0,0
"United Kingdom",2013,0,0
"United Kingdom",2014,0,0
"United States",2008,0,0
"United States",2010,0,0
"United States",2011,0,0
"United States",2012,0,0
"United States",2013,0,0
"United States",2014,0,0
"Uruguay",2008,0,0
"Uruguay",2010,0,0
"Uruguay",2011,0,0
"Uruguay",2012,0,0
"Uruguay",2013,0,0
"Uruguay",2014,0,0
"Uzbekistan",2008,0,0
"Uzbekistan",2010,NA,1
"Uzbekistan",2011,0,0
"Uzbekistan",2012,0,0
"Uzbekistan",2013,0,0
"Uzbekistan",2014,0,1
"Vanuatu",2008,NA,1
"Vanuatu",2010,0,0
"Vanuatu",2011,NA,1
"Vanuatu",2012,NA,1
"Vanuatu",2013,NA,1
"Vanuatu",2014,1,0
"Vatican",2008,NA,1
"Vatican",2010,NA,1
"Vatican",2011,NA,1
"Vatican",2012,NA,1
"Vatican",2013,NA,1
"Vatican",2014,NA,1
"Venezuela",2008,0,0
"Venezuela",2010,0,0
"Venezuela",2011,0,0
"Venezuela",2012,0,0
"Venezuela",2013,0,0
"Venezuela",2014,0,0
"Viet Nam",2008,0,0
"Viet Nam",2010,0,0
"Viet Nam",2011,0,0
"Viet Nam",2012,0,0
"Viet Nam",2013,0,0
"Viet Nam",2014,0,0
"Virgin Islands (US)",2008,NA,1
"Virgin Islands (US)",2010,NA,1
"Virgin Islands (US)",2011,NA,1
"Virgin Islands (US)",2012,NA,1
"Virgin Islands (US)",2013,NA,1
"Virgin Islands (US)",2014,NA,1
"Wallis and Futuna",2008,NA,1
"Wallis and Futuna",2010,NA,1
"Wallis and Futuna",2011,NA,1
"Wallis and Futuna",2012,NA,1
"Wallis and Futuna",2013,NA,1
"Wallis and Futuna",2014,NA,1
"Yemen",2008,1,0
"Yemen",2010,NA,1
"Yemen",2011,1,0
"Yemen",2012,1,0
"Yemen",2013,1,0
"Yemen",2014,1,1
"Zambia",2008,1,0
"Zambia",2010,1,0
"Zambia",2011,1,0
"Zambia",2012,1,0
"Zambia",2013,1,0
"Zambia",2014,1,0
"Zimbabwe",2008,1,0
"Zimbabwe",2010,1,0
"Zimbabwe",2011,1,0
"Zimbabwe",2012,0,0
"Zimbabwe",2013,0,0
"Zimbabwe",2014,1,0
